Age,Sex,BP,Cholesterol,Na_to_K,Drug
15.0,M,NORMAL,HIGH,9.084,drugX
15.0,M,HIGH,NORMAL,17.206,DrugY
15.0,F,HIGH,NORMAL,16.725,DrugY
16.0,F,HIGH,NORMAL,15.516,DrugY
16.0,M,LOW,HIGH,12.006,drugC
16.0,M,HIGH,NORMAL,19.007,DrugY
17.0,M,NORMAL,NORMAL,10.832,drugX
18.0,F,HIGH,HIGH,37.188,DrugY
18.0,F,NORMAL,NORMAL,8.75,drugX
18.0,F,HIGH,NORMAL,24.276,DrugY
19.0,F,HIGH,HIGH,13.313,drugA
19.0,F,HIGH,NORMAL,25.969,DrugY
20.0,M,HIGH,NORMAL,35.639,DrugY
20.0,F,HIGH,HIGH,11.262,drugA
20.0,F,LOW,NORMAL,11.686,drugX
20.0,F,NORMAL,NORMAL,9.281,drugX
21.0,F,HIGH,NORMAL,28.632,DrugY
22.0,M,NORMAL,HIGH,11.953,drugX
22.0,M,HIGH,NORMAL,28.294,DrugY
22.0,M,LOW,HIGH,8.151,drugC
22.0,F,HIGH,NORMAL,22.818,DrugY
22.0,F,NORMAL,HIGH,8.607,drugX
23.0,M,NORMAL,HIGH,31.686,DrugY
23.0,M,NORMAL,HIGH,16.85,DrugY
23.0,M,NORMAL,HIGH,12.26,drugX
23.0,F,HIGH,HIGH,25.355,DrugY
23.0,M,LOW,HIGH,7.298,drugC
23.0,M,HIGH,HIGH,8.011,drugA
23.0,M,NORMAL,NORMAL,14.02,drugX
23.0,M,NORMAL,NORMAL,13.967,drugX
24.0,M,HIGH,NORMAL,9.475,drugA
24.0,F,NORMAL,HIGH,10.605,drugX
24.0,F,HIGH,NORMAL,18.457,DrugY
24.0,M,NORMAL,HIGH,25.786,DrugY
25.0,M,NORMAL,HIGH,19.011,DrugY
26.0,F,HIGH,NORMAL,19.161,DrugY
26.0,F,HIGH,NORMAL,12.307,drugA
26.0,M,LOW,NORMAL,20.909,DrugY
26.0,F,LOW,HIGH,14.16,drugC
28.0,F,NORMAL,HIGH,12.879,drugX
28.0,F,NORMAL,HIGH,7.798,drugX
28.0,F,LOW,HIGH,13.127,drugC
28.0,F,NORMAL,HIGH,19.675,DrugY
28.0,M,NORMAL,HIGH,27.064,DrugY
28.0,F,LOW,HIGH,19.796,DrugY
28.0,F,HIGH,NORMAL,18.809,DrugY
29.0,M,HIGH,HIGH,12.856,drugA
29.0,F,HIGH,HIGH,29.45,DrugY
30.0,F,NORMAL,HIGH,10.443,drugX
31.0,M,HIGH,HIGH,30.366,DrugY
31.0,M,HIGH,NORMAL,11.871,drugA
31.0,M,HIGH,NORMAL,17.069,DrugY
31.0,M,HIGH,NORMAL,11.227,drugA
32.0,F,LOW,NORMAL,10.84,drugX
32.0,F,NORMAL,HIGH,7.477,drugX
32.0,F,HIGH,NORMAL,25.974,DrugY
32.0,F,HIGH,NORMAL,10.292,drugA
32.0,M,HIGH,NORMAL,9.445,drugA
32.0,F,LOW,HIGH,9.712,drugC
33.0,F,LOW,HIGH,33.486,DrugY
34.0,F,LOW,NORMAL,12.923,drugX
34.0,M,HIGH,HIGH,18.703,DrugY
34.0,F,HIGH,NORMAL,19.199,DrugY
34.0,M,NORMAL,HIGH,22.456,DrugY
35.0,M,NORMAL,NORMAL,7.845,drugX
35.0,F,HIGH,HIGH,12.894,drugA
35.0,M,LOW,NORMAL,9.17,drugX
36.0,F,HIGH,NORMAL,15.49,DrugY
36.0,F,NORMAL,HIGH,16.753,DrugY
36.0,F,HIGH,HIGH,11.198,drugA
36.0,M,LOW,NORMAL,11.424,drugX
37.0,F,LOW,NORMAL,12.006,drugX
37.0,F,HIGH,HIGH,13.091,drugA
37.0,F,HIGH,NORMAL,23.091,DrugY
37.0,M,LOW,NORMAL,8.968,drugX
37.0,M,LOW,NORMAL,16.724,DrugY
38.0,F,LOW,NORMAL,29.875,DrugY
38.0,M,LOW,HIGH,18.295,DrugY
38.0,F,HIGH,NORMAL,11.326,drugA
39.0,M,HIGH,HIGH,9.664,drugA
39.0,F,NORMAL,NORMAL,17.225,DrugY
39.0,F,NORMAL,NORMAL,9.709,drugX
39.0,M,NORMAL,HIGH,15.969,DrugY
39.0,M,LOW,NORMAL,13.938,drugX
39.0,F,LOW,NORMAL,22.697,DrugY
40.0,F,LOW,NORMAL,11.349,drugX
40.0,F,NORMAL,HIGH,10.103,drugX
40.0,M,HIGH,HIGH,27.826,DrugY
41.0,M,LOW,HIGH,11.037,drugC
41.0,F,NORMAL,NORMAL,22.905,DrugY
41.0,M,HIGH,NORMAL,15.156,DrugY
41.0,F,LOW,NORMAL,18.739,DrugY
42.0,M,LOW,HIGH,20.013,DrugY
42.0,M,HIGH,NORMAL,12.766,drugA
42.0,F,HIGH,HIGH,21.036,DrugY
42.0,F,LOW,NORMAL,29.271,DrugY
43.0,M,NORMAL,NORMAL,12.859,drugX
43.0,M,LOW,HIGH,15.376,DrugY
43.0,M,LOW,NORMAL,19.368,DrugY
43.0,M,HIGH,HIGH,13.972,drugA
45.0,M,LOW,HIGH,17.951,DrugY
45.0,F,HIGH,HIGH,12.854,drugA
45.0,M,LOW,NORMAL,8.37,drugX
45.0,M,LOW,NORMAL,10.017,drugX
46.0,M,NORMAL,NORMAL,7.285,drugX
46.0,F,HIGH,HIGH,34.686,DrugY
46.0,F,HIGH,HIGH,13.967,DrugY
47.0,M,LOW,NORMAL,33.542,DrugY
47.0,M,HIGH,HIGH,10.403,drugA
47.0,F,LOW,HIGH,10.067,drugC
47.0,M,LOW,HIGH,13.093,drugC
47.0,F,NORMAL,NORMAL,6.683,drugX
47.0,M,LOW,HIGH,10.114,drugC
47.0,F,LOW,HIGH,11.767,drugC
47.0,M,LOW,NORMAL,30.568,DrugY
48.0,M,HIGH,NORMAL,10.446,drugA
48.0,F,LOW,HIGH,15.036,DrugY
49.0,M,LOW,HIGH,10.537,drugC
49.0,M,HIGH,NORMAL,6.269,drugA
49.0,M,LOW,NORMAL,13.598,drugX
49.0,M,LOW,NORMAL,11.014,drugX
49.0,F,NORMAL,NORMAL,9.381,drugX
49.0,M,HIGH,NORMAL,8.7,drugA
49.0,F,NORMAL,HIGH,16.275,DrugY
50.0,M,HIGH,HIGH,7.49,drugA
50.0,F,NORMAL,NORMAL,17.211,DrugY
50.0,F,NORMAL,HIGH,12.703,drugX
50.0,F,NORMAL,NORMAL,12.295,drugX
50.0,M,NORMAL,NORMAL,15.79,DrugY
51.0,M,HIGH,HIGH,18.295,DrugY
51.0,M,HIGH,NORMAL,11.343,drugB
51.0,F,NORMAL,HIGH,13.597,drugX
51.0,F,LOW,NORMAL,23.003,DrugY
52.0,M,NORMAL,HIGH,9.894,drugX
52.0,M,LOW,NORMAL,32.922,DrugY
53.0,M,LOW,HIGH,22.963,DrugY
53.0,M,NORMAL,HIGH,14.133,drugX
53.0,F,HIGH,NORMAL,12.495,drugB
54.0,M,NORMAL,HIGH,24.658,DrugY
55.0,F,HIGH,HIGH,10.977,drugB
55.0,M,NORMAL,NORMAL,7.261,drugX
56.0,F,LOW,HIGH,11.567,drugC
56.0,M,NORMAL,HIGH,8.966,drugX
56.0,F,HIGH,HIGH,25.395,DrugY
56.0,M,LOW,HIGH,15.015,DrugY
57.0,F,NORMAL,HIGH,14.216,drugX
57.0,M,LOW,NORMAL,19.128,DrugY
57.0,F,NORMAL,NORMAL,25.893,DrugY
57.0,F,HIGH,NORMAL,9.945,drugB
58.0,M,HIGH,HIGH,18.991,DrugY
58.0,F,HIGH,NORMAL,14.239,drugB
58.0,F,LOW,HIGH,26.645,DrugY
58.0,F,LOW,HIGH,38.247,DrugY
58.0,F,HIGH,HIGH,19.416,DrugY
59.0,M,HIGH,HIGH,13.935,drugB
59.0,F,NORMAL,HIGH,13.884,drugX
59.0,F,LOW,HIGH,10.444,drugC
60.0,F,HIGH,HIGH,13.303,drugB
60.0,M,HIGH,NORMAL,8.621,drugB
60.0,M,NORMAL,HIGH,15.171,DrugY
60.0,M,NORMAL,NORMAL,10.091,drugX
60.0,M,HIGH,HIGH,13.934,drugB
61.0,F,HIGH,HIGH,25.475,DrugY
61.0,F,LOW,HIGH,18.043,DrugY
61.0,M,NORMAL,HIGH,9.443,drugX
61.0,F,LOW,NORMAL,7.34,drugX
62.0,M,NORMAL,HIGH,16.594,DrugY
62.0,M,LOW,NORMAL,27.183,DrugY
63.0,M,NORMAL,HIGH,25.917,DrugY
64.0,M,HIGH,NORMAL,20.932,DrugY
64.0,M,NORMAL,HIGH,7.761,drugX
64.0,F,LOW,NORMAL,25.741,DrugY
65.0,F,HIGH,NORMAL,31.876,DrugY
65.0,F,LOW,NORMAL,13.769,drugX
65.0,M,HIGH,NORMAL,11.34,drugB
65.0,M,HIGH,NORMAL,34.997,DrugY
66.0,M,HIGH,HIGH,16.347,DrugY
66.0,F,NORMAL,NORMAL,8.107,drugX
67.0,M,NORMAL,NORMAL,10.898,drugX
67.0,M,NORMAL,NORMAL,9.514,drugX
67.0,M,LOW,NORMAL,20.693,DrugY
67.0,F,NORMAL,HIGH,15.891,DrugY
68.0,F,HIGH,NORMAL,10.189,drugB
68.0,M,LOW,HIGH,10.291,drugC
68.0,F,NORMAL,NORMAL,27.05,DrugY
68.0,M,HIGH,HIGH,11.009,drugB
69.0,M,LOW,NORMAL,11.455,drugX
69.0,M,LOW,HIGH,15.478,DrugY
69.0,F,NORMAL,HIGH,10.065,drugX
70.0,M,HIGH,HIGH,9.849,drugB
70.0,F,NORMAL,HIGH,20.489,DrugY
70.0,M,HIGH,HIGH,13.967,drugB
72.0,M,LOW,HIGH,16.31,DrugY
72.0,M,LOW,HIGH,6.769,drugC
72.0,M,HIGH,NORMAL,9.677,drugB
72.0,F,LOW,NORMAL,14.642,drugX
73.0,F,NORMAL,HIGH,19.221,DrugY
73.0,F,HIGH,HIGH,18.348,DrugY
74.0,F,LOW,HIGH,20.942,DrugY
74.0,M,HIGH,HIGH,9.567,drugB
74.0,M,HIGH,NORMAL,15.436,DrugY
74.0,M,LOW,NORMAL,11.939,drugX
45.0,M,NORMAL,HIGH,15.969,DrugY
45.0,F,NORMAL,HIGH,15.0,DrugY
